{"cameraMode":{"drawMode":0,"name":"Shaded","section":"Shading Mode"},"sceneLighting":true,"audioPlay":false,"sceneViewState":{"showFog":true,"showMaterialUpdate":false,"showSkybox":true,"showFlares":true,"showImageEffects":true,"showParticleSystems":true,"showVisualEffectGraphs":true,"m_FxEnabled":true},"in2DMode":false,"pivot":{"x":-2.94232439994812,"y":-0.8990836143493652,"z":-29.980520248413087},"rotation":{"x":0.0021880208514630796,"y":0.9839744567871094,"z":-0.17784352600574494,"w":0.012104394845664502},"size":27.30447769165039,"orthographic":false}