{"cameraMode":{"drawMode":0,"name":"Shaded","section":"Shading Mode"},"sceneLighting":true,"audioPlay":false,"sceneViewState":{"showFog":true,"showMaterialUpdate":false,"showSkybox":true,"showFlares":true,"showImageEffects":true,"showParticleSystems":true,"showVisualEffectGraphs":true,"m_FxEnabled":true},"in2DMode":false,"pivot":{"x":1.5586318969726563,"y":-4.051012992858887,"z":2.5793442726135256},"rotation":{"x":-0.15769244730472566,"y":0.8417304754257202,"z":-0.34777936339378359,"w":-0.38166189193725588},"size":12.337454795837403,"orthographic":false}