{"cameraMode":{"drawMode":0,"name":"Shaded","section":"Shading Mode"},"sceneLighting":false,"audioPlay":false,"sceneViewState":{"showFog":true,"showMaterialUpdate":false,"showSkybox":false,"showFlares":true,"showImageEffects":true,"showParticleSystems":true,"showVisualEffectGraphs":true,"m_FxEnabled":true},"in2DMode":false,"pivot":{"x":-6.880000114440918,"y":0.38999998569488528,"z":-0.5153636932373047},"rotation":{"x":0.0021880208514630796,"y":0.9839744567871094,"z":-0.17784352600574494,"w":0.012104394845664502},"size":0.8660283088684082,"orthographic":false}