{"cameraMode":{"drawMode":0,"name":"Shaded","section":"Shading Mode"},"sceneLighting":false,"audioPlay":false,"sceneViewState":{"showFog":true,"showMaterialUpdate":false,"showSkybox":false,"showFlares":true,"showImageEffects":true,"showParticleSystems":true,"showVisualEffectGraphs":true,"m_FxEnabled":true},"in2DMode":false,"pivot":{"x":2.384185791015625e-7,"y":1.8714234828948975,"z":-0.03748524188995361},"rotation":{"x":0.0021880208514630796,"y":0.9839744567871094,"z":-0.17784352600574494,"w":0.012104394845664502},"size":1.4409886598587037,"orthographic":false}